operator_threshold,operator_maximum_splitting_scale,exact_set_separation,disposition,active_alignment_angle
0.3075,0.76525669990075407,0.17021200527114511,certified-separated,0.29999999999999999
0.30759999999999998,0.77279390076900301,0.16267480440289617,certified-separated,0.29999999999999999
0.30769999999999997,0.77838811654223805,0.15708058862966112,certified-separated,0.29999999999999999
0.30780000000000002,0.78304586153913536,0.15242284363276382,certified-separated,0.29999999999999999
0.30790000000000001,0.78712272349472101,0.14834598167717816,certified-separated,0.29999999999999999
0.308,0.79079385905877542,0.14467484611312376,certified-separated,0.29999999999999999
0.30809999999999998,0.79416090460334665,0.14130780056855252,certified-separated,0.29999999999999999
0.30819999999999997,0.79728906016721801,0.13817964500468116,certified-separated,0.29999999999999999
0.30830000000000002,0.80022311313615346,0.13524559203574571,certified-separated,0.29999999999999999
0.30840000000000001,0.80299540104682943,0.13247330412506975,certified-separated,0.29999999999999999
0.3085,0.80563017681515703,0.12983852835674214,certified-separated,0.29999999999999999
0.30859999999999999,0.80814618351924528,0.1273225216526539,certified-separated,0.29999999999999999
0.30869999999999997,0.81055826201707482,0.12491044315482436,certified-separated,0.29999999999999999
0.30880000000000002,0.81287840151116297,0.1225903036607362,certified-separated,0.29999999999999999
0.30890000000000001,0.81511645224460094,0.12035225292729823,certified-separated,0.29999999999999999
0.309,0.8172806243432158,0.11818808082868337,certified-separated,0.29999999999999999
0.30909999999999999,0.81937784636442468,0.1160908588074745,certified-separated,0.29999999999999999
0.30919999999999997,0.8214140289582067,0.11405467621369247,certified-separated,0.29999999999999999
0.30930000000000002,0.8233942626375631,0.11207444253433607,certified-separated,0.29999999999999999
0.30940000000000001,0.82532296873118982,0.11014573644070935,certified-separated,0.29999999999999999
0.3095,0.82720401639090313,0.10826468878099604,certified-separated,0.29999999999999999
0.30959999999999999,0.8290408145416347,0.10642789063026448,certified-separated,0.29999999999999999
0.30969999999999998,0.83083638503599322,0.10463232013590595,certified-separated,0.29999999999999999
0.30980000000000002,0.83259342150595217,0.102875283665947,certified-separated,0.29999999999999999
0.30990000000000001,0.83431433718776093,0.10115436798413824,certified-separated,0.29999999999999999
0.31,0.83600130414468288,0.099467401027216296,certified-separated,0.29999999999999999
0.31009999999999999,0.83765628570618611,0.097812419465713063,certified-separated,0.29999999999999999
0.31019999999999998,0.83928106350461662,0.096187641667282553,certified-separated,0.29999999999999999
0.31030000000000002,0.84087726016990239,0.094591445001996788,certified-separated,0.29999999999999999
0.31040000000000001,0.84244635850524796,0.093022346666651212,certified-separated,0.29999999999999999
0.3105,0.84398971778857612,0.091478987383323052,certified-separated,0.29999999999999999
0.31059999999999999,0.8455085877093157,0.089960117462583478,certified-separated,0.29999999999999999
0.31069999999999998,0.84700412034672068,0.088464584825178494,certified-separated,0.29999999999999999
0.31080000000000002,0.84847738051591015,0.086991324655989022,certified-separated,0.29999999999999999
0.31090000000000001,0.84992935474550724,0.085539350426391936,certified-separated,0.29999999999999999
0.311,0.85136095910178344,0.08410774607011573,certified-separated,0.29999999999999999
0.31109999999999999,0.85277304603541337,0.0826956591364858,certified-separated,0.29999999999999999
0.31119999999999998,0.8541664103960448,0.081302294775854378,certified-separated,0.29999999999999999
0.31130000000000002,0.85554179473505654,0.079926910436842635,certified-separated,0.29999999999999999
0.31140000000000001,0.85689989399682331,0.078568811175075859,certified-separated,0.29999999999999999
0.3115,0.85824135968252691,0.077227345489372268,certified-separated,0.29999999999999999
0.31159999999999999,0.85956680355721471,0.075901901614684464,certified-separated,0.29999999999999999
0.31169999999999998,0.86087680095989505,0.074591904212004123,certified-separated,0.29999999999999999
0.31180000000000002,0.86217189376741099,0.073296811404488182,certified-separated,0.29999999999999999
0.31190000000000001,0.86345259305534083,0.07201611211655834,certified-separated,0.29999999999999999
0.312,0.86471938149294947,0.070749323678949705,certified-separated,0.29999999999999999
0.31209999999999999,0.86597271550395494,0.069495989667944236,certified-separated,0.29999999999999999
0.31219999999999998,0.86721302722051141,0.068255677951387761,certified-separated,0.29999999999999999
0.31230000000000002,0.86844072625408886,0.067027978917810316,certified-separated,0.29999999999999999
0.31240000000000001,0.86965620130378452,0.065812503868114658,certified-separated,0.29999999999999999
0.3125,0.87085982161995501,0.064608883551944163,certified-separated,0.29999999999999999
0.31259999999999999,0.87205193833874561,0.063416766833153559,certified-separated,0.29999999999999999
0.31269999999999998,0.87323288570118007,0.0622358194707191,certified-separated,0.29999999999999999
0.31280000000000002,0.8744029821687781,0.061065723003121075,certified-separated,0.29999999999999999
0.31290000000000001,0.87556253144623586,0.059906173725663314,certified-separated,0.29999999999999999
0.313,0.87671182342046272,0.058756881751436452,certified-separated,0.29999999999999999
0.31309999999999999,0.87785113502418022,0.057617570147718955,certified-separated,0.29999999999999999
0.31319999999999998,0.87898073103136198,0.056487974140537189,certified-separated,0.29999999999999999
0.31330000000000002,0.88010086479097782,0.055367840380921352,certified-separated,0.29999999999999999
0.31340000000000001,0.88121177890478564,0.054256926267113537,certified-separated,0.29999999999999999
0.3135,0.88231370585430513,0.053154999317594043,certified-separated,0.29999999999999999
0.31359999999999999,0.88340686858154771,0.052061836590351462,certified-separated,0.29999999999999999
0.31369999999999998,0.884491481027605,0.050977224144294175,certified-separated,0.29999999999999999
0.31380000000000002,0.88556774863277676,0.04990095653912241,positive-separation-below-resolution,0.29999999999999999
0.31390000000000001,0.88663586880153611,0.048832836370363064,positive-separation-below-resolution,0.29999999999999999
0.314,0.88769603133531638,0.047772673836582791,positive-separation-below-resolution,0.29999999999999999
0.31409999999999999,0.88874841883578792,0.04672028633611125,positive-separation-below-resolution,0.29999999999999999
0.31419999999999998,0.88979320708105636,0.045675498090842814,positive-separation-below-resolution,0.29999999999999999
0.31430000000000002,0.89083056537696881,0.044638139794930365,positive-separation-below-resolution,0.29999999999999999
0.31440000000000001,0.89186065688550742,0.043608048286391754,positive-separation-below-resolution,0.29999999999999999
0.3145,0.89288363893208023,0.042585066239818947,positive-separation-below-resolution,0.29999999999999999
0.31459999999999999,0.89389966329333126,0.041569041878567914,positive-separation-below-resolution,0.29999999999999999
0.31469999999999998,0.89490887646696826,0.040559828704930911,positive-separation-below-resolution,0.29999999999999999
0.31480000000000002,0.89591141992495449,0.039557285246944685,positive-separation-below-resolution,0.29999999999999999
0.31490000000000001,0.89690743035130582,0.03856127482059335,positive-separation-below-resolution,0.29999999999999999
0.315,0.89789703986562253,0.037571665306276647,positive-separation-below-resolution,0.29999999999999999
0.31509999999999999,0.89888037623338146,0.036588328938517711,positive-separation-below-resolution,0.29999999999999999
0.31519999999999998,0.89985756306394216,0.035611142107957017,positive-separation-below-resolution,0.29999999999999999
0.31530000000000002,0.90082871999712744,0.034639985174771737,positive-separation-below-resolution,0.29999999999999999
0.31540000000000001,0.90179396287917468,0.033674742292724491,positive-separation-below-resolution,0.29999999999999999
0.3155,0.90275340392879244,0.032715301243106731,positive-separation-below-resolution,0.29999999999999999
0.31559999999999999,0.90370715189398954,0.031761553277909638,positive-separation-below-resolution,0.29999999999999999
0.31569999999999998,0.90465531220029582,0.030813392971603348,positive-separation-below-resolution,0.29999999999999999
0.31580000000000003,0.90559798709094874,0.029870718080950431,positive-separation-below-resolution,0.29999999999999999
0.31590000000000001,0.90653527575956527,0.0289334294123339,positive-separation-below-resolution,0.29999999999999999
0.316,0.90746727447579567,0.028001430696103502,positive-separation-below-resolution,0.29999999999999999
0.31609999999999999,0.90839407670439509,0.02707462846750408,positive-separation-below-resolution,0.29999999999999999
0.31619999999999998,0.90931577321813906,0.026152931953760117,positive-separation-below-resolution,0.29999999999999999
0.31630000000000003,0.91023245220496274,0.025236252966936434,positive-separation-below-resolution,0.29999999999999999
0.31640000000000001,0.91114419936968161,0.024324505802217566,positive-separation-below-resolution,0.29999999999999999
0.3165,0.91205109803062856,0.023417607141270613,positive-separation-below-resolution,0.29999999999999999
0.31659999999999999,0.91295322921150679,0.022515475960392384,positive-separation-below-resolution,0.29999999999999999
0.31669999999999998,0.91385067172875167,0.0216180334431475,positive-separation-below-resolution,0.29999999999999999
0.31680000000000003,0.91474350227466528,0.020725202897233896,positive-separation-below-resolution,0.29999999999999999
0.31690000000000002,0.91563179549656581,0.019836909675333358,positive-separation-below-resolution,0.29999999999999999
0.317,0.91651562407219389,0.018953081099705282,positive-separation-below-resolution,0.29999999999999999
0.31709999999999999,0.9173950587815769,0.018073646390322273,positive-separation-below-resolution,0.29999999999999999
0.31719999999999998,0.91827016857556254,0.017198536596336633,positive-separation-below-resolution,0.29999999999999999
0.31730000000000003,0.91914102064120273,0.01632768453069644,positive-separation-below-resolution,0.29999999999999999
0.31740000000000002,0.9200076804641637,0.015461024707735471,positive-separation-below-resolution,0.29999999999999999
0.3175,0.92087021188833107,0.014598493283568104,positive-separation-below-resolution,0.29999999999999999
0.31759999999999999,0.92172867717275409,0.013740027999145088,positive-separation-below-resolution,0.29999999999999999
0.31769999999999998,0.92258313704607797,0.012885568125821201,positive-separation-below-resolution,0.29999999999999999
0.31780000000000003,0.92343365075859929,0.012035054413299884,positive-separation-below-resolution,0.29999999999999999
0.31790000000000002,0.92428027613206398,0.01118842903983519,positive-separation-below-resolution,0.29999999999999999
0.318,0.9251230696073367,0.010345635564562472,positive-separation-below-resolution,0.29999999999999999
0.31809999999999999,0.92596208629003895,0.0095066188818602182,positive-separation-below-resolution,0.29999999999999999
0.31819999999999998,0.92679737999427236,0.0086713251776268097,positive-separation-below-resolution,0.29999999999999999
0.31830000000000003,0.92762900328451681,0.0078397018873823665,positive-separation-below-resolution,0.29999999999999999
0.31840000000000002,0.92845700751579718,0.0070116976561019895,positive-separation-below-resolution,0.29999999999999999
0.31850000000000001,0.92928144287221115,0.0061872622996880233,positive-separation-below-resolution,0.29999999999999999
0.31859999999999999,0.93010235840388789,0.0053663467680112875,positive-separation-below-resolution,0.29999999999999999
0.31869999999999998,0.93091980206246627,0.0045489031094329002,positive-separation-below-resolution,0.29999999999999999
0.31880000000000003,0.93173382073515698,0.0037348844367421918,positive-separation-below-resolution,0.29999999999999999
0.31890000000000002,0.93254446027745908,0.0029242448944400978,positive-separation-below-resolution,0.29999999999999999
0.31900000000000001,0.9333517655445992,0.0021169396272999741,positive-separation-below-resolution,0.29999999999999999
0.31909999999999999,0.93415578042174641,0.0013129247501527663,positive-separation-below-resolution,0.29999999999999999
0.31919999999999998,0.9349565478530667,0.00051215731883247351,positive-separation-below-resolution,0.29999999999999999
0.31930000000000003,0.93575410986966889,0,compatible-witness,0.29999999999999999
0.31940000000000002,0.93654850761649067,0,compatible-witness,0.29999999999999999
0.31950000000000001,0.93733978137818053,0,compatible-witness,0.29999999999999999
0.3196,0.93812797060401332,0,compatible-witness,0.29999999999999999
0.31969999999999998,0.93891311393188548,0,compatible-witness,0.29999999999999999
0.31980000000000003,0.93969524921143599,0,compatible-witness,0.29999999999999999
0.31990000000000002,0.94047441352632177,0,compatible-witness,0.29999999999999999
0.32000000000000001,0.94125064321569818,0,compatible-witness,0.29999999999999999
0.3201,0.94202397389492487,0,compatible-witness,0.29999999999999999
0.32019999999999998,0.94279444047554228,0,compatible-witness,0.29999999999999999
0.32030000000000003,0.9435620771845431,0,compatible-witness,0.29999999999999999
0.32040000000000002,0.94432691758297027,0,compatible-witness,0.29999999999999999
0.32050000000000001,0.94508899458387519,0,compatible-witness,0.29999999999999999
0.3206,0.94584834046965316,0,compatible-witness,0.29999999999999999
0.32069999999999999,0.94660498690879125,0,compatible-witness,0.29999999999999999
0.32080000000000003,0.9473589649720473,0,compatible-witness,0.29999999999999999
0.32090000000000002,0.94811030514808492,0,compatible-witness,0.29999999999999999
0.32100000000000001,0.94885903735858967,0,compatible-witness,0.29999999999999999
0.3211,0.9496051909728821,0,compatible-witness,0.29999999999999999
0.32119999999999999,0.95034879482205037,0,compatible-witness,0.29999999999999999
0.32130000000000003,0.95108987721262461,0,compatible-witness,0.29999999999999999
0.32140000000000002,0.95182846593980308,0,compatible-witness,0.29999999999999999
0.32150000000000001,0.95256458830025914,0,compatible-witness,0.29999999999999999
0.3216,0.95329827110453491,0,compatible-witness,0.29999999999999999
0.32169999999999999,0.95402954068904255,0,compatible-witness,0.29999999999999999
0.32180000000000003,0.95475842292768931,0,compatible-witness,0.29999999999999999
0.32190000000000002,0.9554849432431356,0,compatible-witness,0.29999999999999999
0.32200000000000001,0.95620912661770874,0,compatible-witness,0.29999999999999999
0.3221,0.95693099760397426,0,compatible-witness,0.29999999999999999
0.32219999999999999,0.95765058033498751,0,compatible-witness,0.29999999999999999
0.32230000000000003,0.95836789853423177,0,compatible-witness,0.29999999999999999
0.32240000000000002,0.95908297552525401,0,compatible-witness,0.29999999999999999
0.32250000000000001,0.95979583424101655,0,compatible-witness,0.29999999999999999
0.3226,0.96050649723296411,0,compatible-witness,0.29999999999999999
0.32269999999999999,0.96121498667982586,0,compatible-witness,0.29999999999999999
0.32280000000000003,0.96192132439615707,0,compatible-witness,0.29999999999999999
0.32290000000000002,0.9626255318406296,0,compatible-witness,0.29999999999999999
0.32300000000000001,0.9633276301240854,0,compatible-witness,0.29999999999999999
0.3231,0.96402764001735353,0,compatible-witness,0.29999999999999999
0.32319999999999999,0.96472558195884428,0,compatible-witness,0.29999999999999999
0.32330000000000003,0.9654214760619283,0,compatible-witness,0.29999999999999999
0.32340000000000002,0.96611534212210282,0,compatible-witness,0.29999999999999999
0.32350000000000001,0.96680719962396178,0,compatible-witness,0.29999999999999999
0.3236,0.96749706774796573,0,compatible-witness,0.29999999999999999
0.32369999999999999,0.96818496537702636,0,compatible-witness,0.29999999999999999
0.32380000000000003,0.96887091110290835,0,compatible-witness,0.29999999999999999
0.32390000000000002,0.96955492323245429,0,compatible-witness,0.29999999999999999
0.32400000000000001,0.97023701979364252,0,compatible-witness,0.29999999999999999
0.3241,0.97091721854147839,0,compatible-witness,0.29999999999999999
0.32419999999999999,0.97159553696372547,0,compatible-witness,0.29999999999999999
0.32430000000000003,0.97227199228648709,0,compatible-witness,0.29999999999999999
0.32440000000000002,0.97294660147963363,0,compatible-witness,0.29999999999999999
0.32450000000000001,0.97361938126209235,0,compatible-witness,0.29999999999999999
0.3246,0.97429034810699255,0,compatible-witness,0.29999999999999999
0.32469999999999999,0.97495951824667837,0,compatible-witness,0.29999999999999999
0.32480000000000003,0.97562690767759142,0,compatible-witness,0.29999999999999999
0.32490000000000002,0.9762925321650241,0,compatible-witness,0.29999999999999999
0.32500000000000001,0.9769564072477559,0,compatible-witness,0.29999999999999999
0.3251,0.97761854824256544,0,compatible-witness,0.29999999999999999
0.32519999999999999,0.9782789702486312,0,compatible-witness,0.29999999999999999
0.32530000000000003,0.97893768815181958,0,compatible-witness,0.29999999999999999
0.32540000000000002,0.97959471662886444,0,compatible-witness,0.29999999999999999
0.32550000000000001,0.98025007015144394,0,compatible-witness,0.29999999999999999
0.3256,0.98090376299015447,0,compatible-witness,0.29999999999999999
0.32569999999999999,0.98155580921838625,0,compatible-witness,0.29999999999999999
0.32580000000000003,0.98220622271610436,0,compatible-witness,0.29999999999999999
0.32590000000000002,0.98285501717353485,0,compatible-witness,0.29999999999999999
0.32600000000000001,0.98350220609476602,0,compatible-witness,0.29999999999999999
0.3261,0.98414780280125636,0,compatible-witness,0.29999999999999999
0.32619999999999999,0.98479182043526259,0,compatible-witness,0.29999999999999999
0.32630000000000003,0.98543427196318367,0,compatible-witness,0.29999999999999999
0.32640000000000002,0.98607517017882396,0,compatible-witness,0.29999999999999999
0.32650000000000001,0.98671452770658241,0,compatible-witness,0.29999999999999999
0.3266,0.98735235700456336,0,compatible-witness,0.29999999999999999
0.32669999999999999,0.98798867036761551,0,compatible-witness,0.29999999999999999
0.32680000000000003,0.98862347993029998,0,compatible-witness,0.29999999999999999
0.32690000000000002,0.9892567976697888,0,compatible-witness,0.29999999999999999
0.32700000000000001,0.98988863540869831,0,compatible-witness,0.29999999999999999
0.3271,0.9905190048178546,0,compatible-witness,0.29999999999999999
0.32719999999999999,0.99114791741899833,0,compatible-witness,0.29999999999999999
0.32730000000000004,0.9917753845874262,0,compatible-witness,0.29999999999999999
0.32740000000000002,0.99240141755457267,0,compatible-witness,0.29999999999999999
0.32750000000000001,0.99302602741053603,0,compatible-witness,0.29999999999999999
0.3276,0.99364922510654385,0,compatible-witness,0.29999999999999999
0.32769999999999999,0.9942710214573669,0,compatible-witness,0.29999999999999999
0.32780000000000004,0.9948914271436774,0,compatible-witness,0.29999999999999999
0.32790000000000002,0.99551045271435556,0,compatible-witness,0.29999999999999999
0.32800000000000001,0.99612810858874667,0,compatible-witness,0.29999999999999999
0.3281,0.99674440505886763,0,compatible-witness,0.29999999999999999
0.32819999999999999,0.99735935229156469,0,compatible-witness,0.29999999999999999
0.32830000000000004,0.99797296033062755,0,compatible-witness,0.29999999999999999
0.32840000000000003,0.99858523909885255,0,compatible-witness,0.29999999999999999
0.32850000000000001,0.99919619840006813,0,compatible-witness,0.29999999999999999
0.3286,0.99980584792111182,0,compatible-witness,0.29999999999999999
0.32869999999999999,1.0004141972337677,0,compatible-witness,0.29999999999999999
0.32880000000000004,1.0010212557966622,0,compatible-witness,0.29999999999999999
0.32890000000000003,1.0016270329571193,0,compatible-witness,0.29999999999999999
0.32900000000000001,1.0022315379529789,0,compatible-witness,0.29999999999999999
0.3291,1.0028347799143755,0,compatible-witness,0.29999999999999999
0.32919999999999999,1.0034367678654796,0,compatible-witness,0.29999999999999999
0.32930000000000004,1.0040375107262052,0,compatible-witness,0.29999999999999999
0.32940000000000003,1.0046370173138788,0,compatible-witness,0.29999999999999999
0.32950000000000002,1.0052352963448787,0,compatible-witness,0.29999999999999999
0.3296,1.0058323564362375,0,compatible-witness,0.29999999999999999
0.32969999999999999,1.0064282061072118,0,compatible-witness,0.29999999999999999
0.32980000000000004,1.0070228537808235,0,compatible-witness,0.29999999999999999
0.32990000000000003,1.0076163077853657,0,compatible-witness,0.29999999999999999
0.33000000000000002,1.0082085763558821,0,compatible-witness,0.29999999999999999
0.3301,1.0087996676356161,0,compatible-witness,0.29999999999999999
0.33019999999999999,1.009389589677429,0,compatible-witness,0.29999999999999999
0.33030000000000004,1.0099783504451922,0,compatible-witness,0.29999999999999999
0.33040000000000003,1.0105659578151516,0,compatible-witness,0.29999999999999999
0.33050000000000002,1.0111524195772654,0,compatible-witness,0.29999999999999999
0.3306,1.0117377434365156,0,compatible-witness,0.29999999999999999
0.33069999999999999,1.0123219370141927,0,compatible-witness,0.29999999999999999
0.33080000000000004,1.0129050078491595,0,compatible-witness,0.29999999999999999
0.33090000000000003,1.0134869633990844,0,compatible-witness,0.29999999999999999
0.33100000000000002,1.014067811041657,0,compatible-witness,0.29999999999999999
0.33110000000000001,1.0146475580757777,0,compatible-witness,0.29999999999999999
0.33119999999999999,1.0152262117227242,0,compatible-witness,0.29999999999999999
0.33130000000000004,1.0158037791272974,0,compatible-witness,0.29999999999999999
0.33140000000000003,1.0163802673589435,0,compatible-witness,0.29999999999999999
0.33150000000000002,1.016955683412859,0,compatible-witness,0.29999999999999999
0.33160000000000001,1.0175300342110711,0,compatible-witness,0.29999999999999999
0.33169999999999999,1.0181033266034982,0,compatible-witness,0.29999999999999999
0.33180000000000004,1.0186755673689951,0,compatible-witness,0.29999999999999999
0.33190000000000003,1.019246763216372,0,compatible-witness,0.29999999999999999
0.33200000000000002,1.0198169207854013,0,compatible-witness,0.29999999999999999
0.33210000000000001,1.0203860466478023,0,compatible-witness,0.29999999999999999
0.3322,1.0209541473082082,0,compatible-witness,0.29999999999999999
0.33230000000000004,1.021521229205117,0,compatible-witness,0.29999999999999999
0.33240000000000003,1.0220872987118228,0,compatible-witness,0.29999999999999999
0.33250000000000002,1.0226523621373338,0,compatible-witness,0.29999999999999999
0.33260000000000001,1.02321642572727,0,compatible-witness,0.29999999999999999
0.3327,1.0237794956647477,0,compatible-witness,0.29999999999999999
0.33280000000000004,1.0243415780712475,0,compatible-witness,0.29999999999999999
0.33290000000000003,1.024902679007464,0,compatible-witness,0.29999999999999999
0.33300000000000002,1.0254628044741467,0,compatible-witness,0.29999999999999999
0.33310000000000001,1.0260219604129199,0,compatible-witness,0.29999999999999999
0.3332,1.0265801527070919,0,compatible-witness,0.29999999999999999
0.33330000000000004,1.0271373871824485,0,compatible-witness,0.29999999999999999
0.33340000000000003,1.0276936696080321,0,compatible-witness,0.29999999999999999
0.33350000000000002,1.0282490056969107,0,compatible-witness,0.29999999999999999
0.33360000000000001,1.0288034011069289,0,compatible-witness,0.29999999999999999
0.3337,1.0293568614414499,0,compatible-witness,0.29999999999999999
0.33380000000000004,1.0299093922500822,0,compatible-witness,0.29999999999999999
0.33390000000000003,1.030460999029394,0,compatible-witness,0.29999999999999999
0.33400000000000002,1.0310116872236197,0,compatible-witness,0.29999999999999999
0.33410000000000001,1.0315614622253464,0,compatible-witness,0.29999999999999999
0.3342,1.0321103293761971,0,compatible-witness,0.29999999999999999
0.33430000000000004,1.0326582939674978,0,compatible-witness,0.29999999999999999
0.33440000000000003,1.0332053612409322,0,compatible-witness,0.29999999999999999
0.33450000000000002,1.0337515363891907,0,compatible-witness,0.29999999999999999
0.33460000000000001,1.0342968245566042,0,compatible-witness,0.29999999999999999
0.3347,1.0348412308397683,0,compatible-witness,0.29999999999999999
0.33480000000000004,1.0353847602881587,0,compatible-witness,0.29999999999999999
0.33490000000000003,1.0359274179047333,0,compatible-witness,0.29999999999999999
0.33500000000000002,1.0364692086465292,0,compatible-witness,0.29999999999999999
